句動詞,意味（日本語）,意味（簡単な英英訳）,例文
abide by,〜に従う,"to respect or obey a decision, a law or a rule",You must abide by the rules.
account for,〜の割合を占める、説明する,"to explain, to form a total",The Japanese market accounts for 30% of sales.
act on,〜に従って行動する,to take action because of something,The police acted on the anonymous tip.
act up,不具合を起こす,to misbehave or malfunction,My phone is acting up again.
add to,〜を増やす、〜に加える,to increase something,The bad weather added to our difficulties.
add up,辻褄が合う,to make sense,His story just doesn't add up.
add up to,合計〜になる,to result in a total amount,The bills add up to $500.
aim at,〜を狙う、目標にする,to target,The new ad campaign is aimed at young adults.
allow for,〜を考慮に入れる,to consider something when making a plan,We need to allow for delays in traffic.
answer back,口答えする,to reply rudely,Don't answer back to your mother!
ask after,〜の安否を尋ねる,to inquire about someone's health,He asked after your grandfather.
ask around,周りの人に尋ねる,to ask many people the same question,I will ask around to see if anyone found my keys.
ask out,デートに誘う,to invite someone on a date,He finally asked her out.
back away,後退する,to move backwards from something,The crowd backed away from the fire.
back down,撤回する、譲歩する,to withdraw a claim or assertion,He refused to back down even though he was wrong.
back off,引き下がる、干渉をやめる,"to retreat, to leave someone alone",Just back off and let me do my job!
back out,手を引く、約束を破る,to fail to keep a promise or agreement,You can't back out of the deal now.
back out of,〜から手を引く,to withdraw from an agreement,He backed out of the deal at the last minute.
back up,後退する、支持する、バックアップを取る,"to support, to copy data, to reverse",Make sure you back up your files.
bail out,保釈する、救済する,to rescue from financial difficulties,The government had to bail out the bank.
bank on,〜を当てにする,to rely on confidently,I'm banking on your help.
bear with,我慢する、付き合う,to be patient with,Please bear with me while I find the document.
beef up,強化する,to make something stronger or more effective,They need to beef up security.
black out,意識を失う,to lose consciousness,He blacked out after the accident.
blend in,溶け込む,to match the surroundings,Chameleons blend in with their environment.
blow away,吹き飛ばす、感動させる,to impress greatly,The ending of the movie blew me away.
blow out,（火を）吹き消す、パンクする,"to extinguish, to burst",Make a wish and blow out the candles.
blow up,爆発する、激怒する,"to explode, to get angry suddenly",The terrorists tried to blow up the bridge.
boil down to,結局〜に行き着く,to be summarized as,It all boils down to who has the most money.
bone up on,〜を猛勉強する,to study hard for a specific purpose,I need to bone up on my math for the test.
boss around,あれこれ指図する,to give orders to someone bossily,Stop bossing me around!
bottom out,底を打つ,to reach the lowest point,The stock market has finally bottomed out.
bounce back,立ち直る,to recover quickly from a setback,She bounced back easily from her illness.
branch out,手を広げる、新しい分野に進出する,to start doing something new,The company is branching out into software.
break away,逃げる、脱退する,to escape from captivity,The prisoner managed to break away.
break down,故障する、泣き崩れる,"to stop working, to lose emotional control",My car broke down on the highway.
break in,押し入る、割り込む,"to force entry, to interrupt",Burglars broke in while we were away.
break into,〜に押し入る,to enter forcibly,Someone broke into my car and stole the radio.
break off,突然話を辞める、関係を断つ,"to end suddenly, to sever relations",They broke off their engagement.
break out,勃発する、発生する,"to start, happen suddenly (war, disease)",War broke out in 1939.
break through,突破する,to pass a barrier or obstacle,The sun broke through the clouds.
break up,別れる、解散する,to end a relationship,They broke up after three years of dating.
breeze through,楽々とやってのける,to easily complete,She breezed through the exam.
bring about,引き起こす,to cause to happen,The new manager brought about many changes.
bring along,連れてくる、持ってくる,to take someone or something with you,Can I bring my friend along to the party?
bring back,持ち帰る、思い出させる,"to return, to make someone remember",Hearing that song brings back memories.
bring down,倒す、落ち込ませる,"to cause to fall, to depress",The scandal brought down the government.
bring forward,前倒しする、提出する,to change to an earlier time,The meeting has been brought forward to Tuesday.
bring in,もたらす、導入する,"to introduce, to yield income",His new business brings in a lot of money.
bring off,（困難なことを）成し遂げる,to succeed in doing something difficult,"It was a difficult task, but she brought it off."
bring on,引き起こす,to cause something (usually bad),Stress can bring on a headache.
bring out,引き出す、出版する,"to highlight, to publish",That dress brings out the color of your eyes.
bring up,育てる、話題に出す,"to raise a child, to mention",Please don't bring up that topic again.
brush off,無視する、はねつける,"to ignore, dismiss",He brushed off her criticism.
brush up on,（忘れていた知識を）やり直す,to improve your knowledge or skill,I need to brush up on my Spanish before the trip.
buckle down,本腰を入れる,to start working hard,It's time to buckle down and study.
build up,築き上げる、増強する,"to increase, to accumulate",He has built up a successful business.
bump into,ばったり出会う,to meet by chance,I bumped into an old friend at the store.
bundle up,厚着する,to wear warm clothing,"Bundle up, it's freezing outside!"
burn down,全焼する,to destroy by fire,The old factory burned down last night.
burn out,燃え尽きる、過労で倒れる,to become exhausted from overwork,"If you work 80 hours a week, you'll burn out."
burst into,突然〜し始める（泣き出す、笑い出す）,to suddenly start doing something,She burst into tears when she heard the news.
butt in,口出しする,to interrupt a conversation,Please don't butt in while I'm talking.
butter up,ごまをする,to flatter someone to get a favor,He is always buttering up the boss.
call back,折り返し電話する,to return a phone call,"I'm busy, can I call you back later?"
call for,要求する、必要とする,"to demand, to require",This situation calls for immediate action.
call in,呼び寄せる、電話を入れる,"to summon, to phone",I need to call in sick today.
call off,中止する,to cancel,The game was called off due to rain.
call on,訪問する、当てにする,"to visit, to ask someone to do something",The teacher called on me to answer the question.
call out,大声で叫ぶ、呼び出す,"to shout, to summon into service",The workers were called out to fix the leak.
calm down,落ち着く,to become relaxed,Take a deep breath and calm down.
care for,〜の世話をする、〜を好む,"to look after, to like",Would you care for a cup of tea?
carry away,興奮させる、夢中にさせる,to become overly excited,I got carried away and bought too many clothes.
carry on,続ける,to continue,Please carry on with your work.
carry out,実行する、成し遂げる,"to perform, to complete",The scientists carried out an experiment.
carry over,持ち越す,to transfer to a later time,The meeting was carried over to next week.
cash in on,〜につけこんで儲ける,to take financial advantage of,They are cashing in on the latest trend.
catch on,流行る、理解し始める,"to become popular, to understand",The new fashion quickly caught on.
catch up,追いつく,to reach the same point,"Go ahead, I'll catch up with you later."
catch up on,（遅れを）取り戻す,to do something you did not have time to do earlier,I need to catch up on my sleep.
chalk up to,〜のせいにする,to attribute something to a cause,We chalked the error up to inexperience.
cheat on,浮気する、不正をする,to be unfaithful,She found out he was cheating on her.
check in,チェックインする、連絡を入れる,"to register, to report one's presence",We checked in at the hotel at 3 PM.
check into,調査する、チェックインする,to investigate,The police are checking into the incident.
check out,チェックアウトする、確認する,"to leave a hotel, to look at",Check out this new website!
check up on,（問題ないか）確認する,to investigate someone's background or condition,My parents always check up on me.
cheer up,元気づける,to become happier,I bought her some flowers to cheer her up.
chicken out,怖気付いてやめる,to not do something because of fear,"I was going to bungee jump, but I chickened out."
chill out,リラックスする,to relax,Just chill out and enjoy the party.
chime in,会話に加わる,to join a conversation,Feel free to chime in if you have an idea.
chip in,お金を出し合う、寄付する,to contribute money or help,We all chipped in to buy a gift for the boss.
chop down,切り倒す,to cut down a tree,They chopped down the old oak tree.
clam up,黙り込む,to refuse to speak,He clammed up when the police asked him questions.
clamp down on,厳しく取り締まる,to take strong action to stop,The government is clamping down on tax evasion.
clear away,片付ける,"to remove, tidy up",Please clear away these dishes.
clear out,立ち退く、片付けて空にする,"to empty completely, to leave",We need to clear out the garage this weekend.
clear up,晴れる、（疑問などを）解明する,"to become sunny, to explain",I hope the weather clears up tomorrow.
close down,閉鎖する,to stop operating completely,The factory closed down last year.
coast along,楽に進む、惰性で進む,to progress without much effort,He's just coasting along in his current job.
come about,起こる、生じる,to happen,How did this problem come about?
come across,偶然見つける、〜という印象を与える,"to find by chance, to appear",I came across these old photos in the attic.
come along,一緒に行く、進展する,"to accompany, to progress",Do you want to come along to the movie?
come apart,バラバラになる,to separate into pieces,The old book just came apart in my hands.
come around,意見を変える、意識を取り戻す,"to change one's mind, to regain consciousness",He'll come around to our way of thinking eventually.
come back,戻る,to return,When will you come back from your trip?
come by,手に入れる、立ち寄る,"to acquire, to visit casually",How did you come by such a rare coin?
come down,降りる、価格が下がる,"to descend, to decrease",House prices have come down recently.
come down with,（病気に）かかる,to become ill,I think I'm coming down with the flu.
come forward,名乗り出る,to offer information or help,The police asked witnesses to come forward.
come from,〜の出身である、〜に由来する,to originate in,Where do you come from?
come in,入る、到着する,"to enter, to arrive",Please come in and take a seat.
come into,（財産を）相続する,to inherit,She came into a lot of money when her aunt died.
come off,（汚れが）落ちる、成功する,"to become detached, to succeed",The paint is coming off the wall.
come on,さあ（励まし）、（機械が）作動し始める,"to encourage, to start functioning","Come on, you can do it!"
come out,現れる、出版される、公表される,"to appear, to be published",When does his new book come out?
come over,やって来る,to visit,Why don't you come over for dinner tonight?
come through,切り抜ける、要求に応える,to survive a difficult situation,"He was very sick, but he came through in the end."
come up,生じる、近づく,"to happen unexpectedly, to approach",Something urgent has come up.
come up with,思いつく,to think of an idea,She came up with a great plan.
conjure up,魔法のように出す、思い起こさせる,"to make something appear by magic, to bring to mind",That smell conjures up memories of my childhood.
count on,頼る、当てにする,to rely on,You can always count on me.
cover up,隠す、もみ消す,to conceal something bad,The government tried to cover up the scandal.
crack down on,厳しく取り締まる,to enforce laws more strictly,Police are cracking down on speeding.
crack up,大笑いする,to start laughing loudly,His jokes always make me crack up.
crop up,予期せず現れる,to appear unexpectedly,Some urgent problems cropped up today.
cross out,線を引いて消す,to draw a line through,Cross out the wrong words in the sentence.
cut back (on),削減する,to reduce,We need to cut back on our expenses.
cut down,切り倒す、減らす,"to fell, to reduce",They cut down the old tree in the park.
cut in,割り込む,to interrupt,Don't cut in while I'm talking.
cut off,切り離す、電話を切る,"to disconnect, sever",Our electricity was cut off because we didn't pay the bill.
cut out,切り取る、やめる,"to remove, to stop doing",I've decided to cut out sugar from my diet.
dabble in,趣味程度にかじる,to be involved in an activity casually,He dabbles in painting.
dawn on,〜にわかり始める,to become clear to someone,It suddenly dawned on me that I had forgotten my keys.
deal with,対処する、扱う,to handle a problem,We have a lot of issues to deal with today.
delve into,徹底的に調査する,to investigate deeply,We need to delve into the history of this issue.
dial in,電話会議などに参加する,to join a conference call,I'll dial in to the meeting at 10 AM.
die down,（騒ぎなどが）静まる,to become less intense,Wait until the storm dies down before going out.
die out,絶滅する,to become extinct,Dinosaurs died out millions of years ago.
dig in,食べ始める、頑張り通す,"to start eating, to maintain a position","Dinner is ready, dig in!"
dish out,分け与える,to distribute liberally,He likes to dish out advice.
do away with,廃止する、処分する,"to abolish, to eliminate",The company decided to do away with the dress code.
do over,やり直す,to do again,This is completely wrong. You'll have to do it over.
do up,ボタンを留める、改装する,"to fasten, to renovate",Can you help me do up the zip on my dress?
do without,〜なしで済ませる,to manage without,"I don't have sugar, so we'll have to do without."
doze off,うとうとする,to fall asleep unintentionally,I dozed off during the lecture.
drag on,長引く,to continue for too long,The meeting dragged on for three hours.
draw back,後退する、尻込みする,"to move away, to retreat",She drew back in fear.
draw up,（計画や書類を）作成する,to prepare a document,The lawyer will draw up the contract.
dream up,考え出す,to invent something unusual,Who dreamed up this crazy plan?
dress down,カジュアルな服装をする,to wear informal clothes,We are allowed to dress down on Fridays.
dress up,ドレスアップする、仮装する,"to wear formal clothes, to put on a costume",We need to dress up for the wedding.
drift apart,疎遠になる,to gradually become less friendly,"We used to be best friends, but we drifted apart."
drop by / in,ふらりと立ち寄る,to visit informally,Drop by anytime you're in the neighborhood.
drop off,降ろす、うとうとする,"to deliver, to fall asleep",Can you drop me off at the station?
drop out,中退する、脱落する,to quit a school or course,He dropped out of college after one year.
drum up,（支持などを）獲得する,to try to get support or business,He is trying to drum up support for his campaign.
dumb down,（レベルを）下げる、分かりやすくする,to simplify to make it easier to understand,The article was dumbed down for a younger audience.
ease off,和らぐ、緩む,to become less intense,The rain is starting to ease off.
eat into,食い込む、消費する,to consume a part of something (time/money),These extra fees are eating into my savings.
eat out,外食する,to eat at a restaurant,Let's eat out tonight instead of cooking.
eat up,残さず食べる,to eat completely,Eat up all your vegetables!
edge out,徐々に追い出す、辛勝する,"to gradually push someone out of a position, to narrowly win",She edged out her rival in the final race.
embark on,着手する,to start a new project or journey,She is about to embark on a new career.
end up,最終的に〜になる,to finally be in a particular state,We got lost and ended up in a different city.
face up to,（困難に）立ち向かう、認める,to accept and deal with a difficult fact,You need to face up to your responsibilities.
factor in,計算に入れる,to include a particular amount when calculating,You need to factor in the cost of travel.
fall apart,バラバラになる、崩壊する,"to break into pieces, to fail",Their marriage is falling apart.
fall behind,遅れをとる,to fail to keep up,"If you miss classes, you will fall behind."
fall down,倒れる、落ちる,to drop to the ground,The old building fell down during the earthquake.
fall for,だまされる、惚れる,"to be deceived by, to fall in love",I can't believe you fell for that trick!
fall in with,同意する、仲間入りする,"to agree with, to associate with",I fall in with your plan.
fall off,減少する、落ちる,"to decrease, to detach",Sales have fallen off recently.
fall out,喧嘩する、抜け落ちる,"to argue, to become loose and drop",He fell out with his best friend.
fall through,失敗に終わる、実現しない,to fail to happen,Our plans for the holiday fell through.
fathom out,理解する,to understand something difficult,I can't fathom out what he means.
fawn over,へつらう、機嫌をとる,to flatter someone excessively,Everyone was fawning over the celebrity.
feel like,〜したい気がする,to have a desire to do something,I feel like eating pizza tonight.
fend for oneself,自力で生きていく,to take care of oneself without help,"At 18, he had to fend for himself."
fend off,（攻撃などを）かわす,to defend oneself against an attack,She managed to fend off her attackers.
ferret out,探し出す,to search for and discover something hidden,The reporter ferreted out the truth.
figure out,理解する、解決する,"to understand, solve",I can't figure out how to use this machine.
fill in,空欄を埋める、代理をする,"to complete a form, to substitute",Please fill in your name and address.
fill out,（書類に）必要事項を記入する,to complete a form completely,You need to fill out this application.
fill up,満タンにする,to make full,Fill up the gas tank before we leave.
filter out,ろ過する、取り除く,to remove unwanted elements,This software filters out spam emails.
find out,見つけ出す、事実を知る,to discover information,I just found out that I got the job!
fish out,探し出す、取り出す,to pull something out of a bag or pocket,He fished out a coin from his pocket.
fit in,適合する、馴染む,"to belong, to be accepted",He didn't really fit in at his new school.
fix up,修理する、手配する,"to repair, to arrange",We bought an old house and fixed it up.
fizzle out,立ち消えになる,to end weakly,The party fizzled out around midnight.
flake out,疲れ果てて寝る、ドタキャンする,"to fall asleep from exhaustion, to cancel plans",I flaked out on the couch after work.
flare up,（病気や怒りが）急激に起こる,to suddenly erupt or worsen,His asthma flared up again.
flesh out,具体化する、肉付けする,to add more details,We need to flesh out this plan before presenting it.
flick through,パラパラめくる,to look quickly through a book or magazine,I flicked through the catalog.
focus on,集中する,to concentrate on,You need to focus on your studies.
freak out,パニックになる,to become extremely upset or anxious,"Don't freak out, but I lost the tickets."
frown upon,眉をひそめる、良しとしない,to disapprove of,Smoking in the park is frowned upon.
gear up,準備する,to prepare for an activity,The team is gearing up for the finals.
geek out,オタク話に花を咲かせる,to talk enthusiastically about a niche subject,We geeked out over the new sci-fi movie.
get about / around,あちこち移動する、広まる,"to travel, to circulate",News gets around quickly in this small town.
get across,（考えなどを）理解させる,to communicate successfully,"I tried to get my point across, but they didn't listen."
get ahead,出世する、成功する,"to succeed, to advance","If you want to get ahead in your career, you must work hard."
get along,仲良くやる、なんとかやっていく,to have a good relationship,I get along well with my neighbors.
get at,ほのめかす、達する,"to imply, to reach",What are you getting at?
get away,逃げる、離れる,"to escape, to go on a vacation",The thieves got away in a stolen car.
get back,戻る、取り戻す,"to return, to receive again",What time did you get back last night?
get back at,仕返しをする,to take revenge,She wanted to get back at him for lying.
get by,なんとかやりくりする,to manage to survive,"I don't have much money, but I can get by."
get down,降りる、落ち込ませる,"to descend, to depress",This rainy weather is getting me down.
get down to,本気で取り掛かる,to start focusing on,Let's get down to business.
get in,（車などに）乗る、到着する,"to enter a car, to arrive","Get in the car, we're late!"
get off,（バスなどから）降りる、仕事を終える,"to leave a vehicle, to finish work",I usually get off work at 6 PM.
get on,（バスなどに）乗る、うまくやる,"to enter a bus/train, to make progress",We got on the train just in time.
get out,外へ出る、逃げる,"to leave, to escape",Get out of my room!
get out of,（責任などを）逃れる,to avoid doing something,He always tries to get out of doing the dishes.
get over,回復する、乗り越える,"to recover, overcome",It took her a long time to get over the flu.
get round to,（時間ができて）ようやく〜に取り掛かる,to finally do something,I finally got round to cleaning the garage.
get through,切り抜ける、連絡がつく,"to survive, to contact by phone","I called you, but I couldn't get through."
get together,集まる,to meet,Let's get together for a drink this weekend.
get up,起き上がる,to rise from bed,What time do you usually get up?
give away,タダであげる、秘密を漏らす,"to donate, to reveal a secret",He gave away all his old books.
give back,返す,to return something,Give me back my pen!
give in,降参する、提出する,"to surrender, yield",The government refused to give in to their demands.
give off,（匂いや熱を）発する,to emit,The cheese is giving off a terrible smell.
give out,配る、尽きる,"to distribute, to become exhausted",The teacher gave out the test papers.
give up,諦める、やめる,to quit,Don't give up on your dreams.
gloss over,ごまかす、軽く扱う,to treat something quickly to hide the truth,He glossed over his past mistakes.
go about,取り掛かる、いつも通りにする,"to deal with, to begin",How should I go about solving this problem?
go after,追いかける、追求する,to pursue,The police went after the bank robbers.
go against,逆らう、不利になる,"to oppose, to be unfavorable",It goes against my principles.
go ahead,先に進む、どうぞ（許可）,to proceed,Go ahead and start without me.
go along with,賛成する、同行する,"to agree with, to accompany",I go along with your idea.
go around,（病気などが）広まる、十分にある,"to circulate, to be sufficient",There is a nasty flu going around.
go away,立ち去る,to leave,Please go away and leave me alone.
go back,戻る,to return,I want to go back to Japan next year.
go back on,（約束などを）破る,to break a promise,He went back on his word.
go by,（時間が）経過する、通り過ぎる,to pass,"As time goes by, you will forget him."
go down,下がる、沈む,"to decrease, to sink",The sun went down behind the mountains.
go for,選ぶ、好む、襲いかかる,"to choose, to like, to attack",I think I'll go for the chocolate cake.
go in for,（趣味などを）好む、参加する,"to enter a competition, to have as a hobby",I don't go in for sports much.
go into,詳しく述べる、〜に入る,"to discuss in detail, to enter",I don't want to go into details right now.
go off,爆発する、（アラームが）鳴る、腐る,"to explode, to ring, to go bad",My alarm clock went off at 6 AM.
go on,続く、起こる,"to continue, to happen",The meeting went on for hours.
go out,外出する、火が消える,"to leave the house, to stop burning",We are going out for dinner tonight.
go over,見直す、調べる,"to review, to examine",Let's go over the plan one more time.
go through,経験する、調べる,"to experience, to examine",She went through a lot of pain.
go under,倒産する、沈む,"to go bankrupt, to sink",Many small businesses went under during the pandemic.
go up,上がる、建つ,"to increase, to be built",The price of gas has gone up again.
go with,似合う、調和する,to match,That shirt goes perfectly with those pants.
go without,〜なしで済ます,to manage without,We will have to go without internet for a few days.
goof off,サボる、ふざける,to waste time playing around,Stop goofing off and do your work.
grapple with,（問題などと）格闘する,to try hard to solve a difficult problem,We are grappling with a complex issue.
grow apart,（関係が）疎遠になる,to stop being close to someone,"Over the years, the two friends grew apart."
grow back,再び生える,to grow again,"If you cut your hair, it will grow back."
grow into,成長して服が合うようになる,to grow large enough to fit,"The coat is big now, but he will grow into it."
grow out of,成長して服が着られなくなる、卒業する,to outgrow,He has grown out of all his shoes.
grow up,大人になる,to become an adult,What do you want to be when you grow up?
hammer out,打ち合わせをして決める,to negotiate and reach an agreement,They hammered out a peace treaty.
hand down,後世に伝える、言い渡す,to pass on to the next generation,This ring was handed down from my grandmother.
hand in,提出する,to submit,Hand in your homework by Friday.
hand out,配る,to distribute,Could you hand out these flyers?
hand over,引き渡す、譲り渡す,to give control or possession,The thief was forced to hand over the money.
hang around / about,ぶらぶらする,to spend time aimlessly,They were just hanging around the mall.
hang back,ためらう、後にとどまる,to hesitate,She hung back while the others rushed forward.
hang on,ちょっと待つ、しがみつく,"to wait, to hold tight","Hang on a second, I'll be right back."
hang out,遊ぶ、つるむ,to spend time relaxing,We usually hang out at the park on weekends.
hang up,電話を切る,to end a phone call,He was so angry he just hung up on me.
harp on,しつこく言う,to talk repeatedly about something,She's always harping on about her diet.
have on,着ている,to be wearing,She had a beautiful red dress on.
head for,〜に向かう,to move in the direction of,We are heading for the mountains this weekend.
head off,阻止する、〜へ向かう,"to prevent something, to leave",I need to head off to work now.
hear from,〜から連絡をもらう,to receive a letter/call from,I haven't heard from him in months.
hear of,〜の噂を聞く,to know about the existence of,I've never heard of that band.
hit it off,意気投合する,to quickly become good friends,They hit it off immediately on their first date.
hit on,ふと思いつく、口説く,"to have a sudden idea, to flirt with",He hit on a brilliant solution to the problem.
hold back,抑える、ためらう,"to restrain, to hide",She couldn't hold back her tears.
hold down,（職を）維持する、抑えつける,"to keep a job, to restrain",It's hard for him to hold down a steady job.
hold off,遅らせる、延期する,to delay,Let's hold off making a decision until tomorrow.
hold on,待つ、持ちこたえる,"to wait, to grip tightly","Hold on, I'm transferring your call."
hold out,持ちこたえる、差し出す,"to last, to survive",I don't know how much longer our food supplies will hold out.
hold up,遅らせる、強盗に入る,"to delay, to rob",Traffic held us up for an hour.
hole up,隠れる、閉じこもる,to hide in a safe place,We holed up in a cabin during the storm.
home in on,（目標に）真っ直ぐ向かう、的を絞る,to move directly towards a target,The missile homed in on its target.
hook up,接続する、会う,"to connect a machine, to meet",Can you hook up the printer to my laptop?
iron out,（問題などを）解決する,to solve problems or clear up difficulties,We need to iron out a few problems before signing the contract.
jack up,（価格を）大幅に引き上げる,to increase prices sharply,They jacked up the rent this year.
jump at,飛びつく,to eagerly accept an opportunity,I would jump at the chance to travel to Paris.
keep at,〜を根気よく続ける,to continue doing something difficult,"Keep at it, you'll eventually succeed!"
keep away,近づけない、遠ざける,to stay away,Keep away from the edge of the cliff.
keep back,隠す、近づけない,"to withhold, to maintain a safe distance",The police kept the crowd back.
keep down,（音や声を）抑える,"to keep quiet, to prevent from vomiting",Please keep the noise down.
keep from,〜するのを控える,to refrain from,I couldn't keep from laughing.
keep off,立ち入らない、防ぐ,to stay off,Please keep off the grass.
keep on,〜し続ける,to continue,He kept on talking even though I wasn't listening.
keep out,中に入れない,to prevent from entering,Keep out! This area is restricted.
keep up,維持する、遅れずについていく,"to maintain, to continue at the same rate",Keep up the good work!
keep up with,ついていく,to stay at the same level,It's hard to keep up with the latest technology.
kick back,リラックスする,to relax,Kick back and enjoy the weekend.
kick in,効果が現れ始める,to start taking effect,The painkiller took an hour to kick in.
kick off,開始する,to start,The match kicks off at 3 PM.
kid around,ふざける、冗談を言う,to joke,I was just kidding around!
kiss up to,ごまをする,to flatter someone for personal gain,He is always kissing up to the manager.
knock down,打ち倒す、取り壊す,"to demolish, to hit and cause to fall",They are knocking down the old factory.
knock out,ノックアウトする、気絶させる,to make unconscious,The boxer was knocked out in the third round.
knuckle down,真剣に取り組む,to start working hard,It's time to knuckle down and study for the finals.
lap up,熱心に受け入れる、舐めるように飲む,"to accept eagerly, to drink with the tongue",The audience lapped up his compliments.
lash out,突然怒り出す、激しく非難する,to suddenly attack physically or verbally,He lashed out at the reporter.
latch onto,しがみつく、くっついて離れない,"to hold firmly to, to attach oneself to",He latched onto me at the party and wouldn't leave.
lay off,解雇する,to fire employees,The company laid off 200 workers last month.
lay out,広げる、設計する、投資する,"to arrange, to spend",He laid out the map on the table.
laze around,ゴロゴロして過ごす,to relax and do very little,We spent Sunday lazing around the house.
leave out,省く、仲間外れにする,to omit,You left out a very important detail.
let down,がっかりさせる,to disappoint,"I promised I would help, and I won't let you down."
let in,中に入れる,to allow to enter,Open the door and let him in.
let off,無罪放免にする、（花火などを）打ち上げる,"to not punish, to explode",The judge let him off with a warning.
let out,外に出す、（秘密を）漏らす,"to allow to leave, to reveal",Who let the dog out?
lighten up,深刻に考えるのをやめる,to become less serious,You need to lighten up and have some fun.
live down,（過去の失敗などを）人に忘れさせる,to make people forget a mistake,I will never live down that embarrassing moment.
live off,（収入源などに）頼って生きる,to use someone or something for financial support,He still lives off his parents.
live up to,（期待に）応える,to meet expectations,The movie didn't live up to my expectations.
lock in,固定する、閉じ込める,"to secure a price or agreement, to confine",We locked in a low interest rate.
log off/out,ログアウトする,to exit a computer system,Don't forget to log off when you're done.
look after,世話をする,to take care of,Could you look after my cat this weekend?
look ahead,将来を見据える,to think about the future,We need to look ahead and plan for next year.
look around,見回す,to look in different directions,Let's look around the shop.
look at,見る、検討する,"to observe, to examine",Look at that beautiful sunset!
look back,振り返る、回想する,to think about the past,"Looking back, I realize I made a mistake."
look down on,見下す,to think you are better than someone,He looks down on people who have less money.
look for,探す,to search for,I'm looking for my lost keys.
look forward to,楽しみに待つ,to feel excited about something in the future,I'm looking forward to seeing you.
look into,調査する,to investigate,The police are looking into the murder case.
look out,気をつける,to be careful,Look out! There's a car coming.
look out for,〜の世話をする、気をつける,"to take care of, to watch for",Always look out for your little brother.
look over,ざっと目を通す,to examine quickly,Can you look over my essay before I submit it?
look through,目を通す,to read quickly,I looked through the magazine while waiting.
look up,（辞書などで）調べる、見上げる,"to search for information, to look upwards","If you don't know the word, look it up."
look up to,尊敬する,to respect,I've always looked up to my father.
lounge around,のんびり過ごす,to spend time relaxing,I lounged around the pool all day.
make for,〜へ向かって進む、〜に役立つ,"to move towards, to result in",He made for the exit as soon as the bell rang.
make off with,持ち逃げする,to steal and escape,"The thieves made off with $10,000."
make out,理解する、判読する,"to understand, to see clearly",I can't make out what this handwriting says.
make up,構成する、作り話をする、仲直りする、化粧する,"to compose, to invent, to reconcile, to put on makeup",Women make up 40% of the workforce.
make up for,埋め合わせをする,to compensate for,I'll buy you dinner to make up for being late.
mark down,値下げする,to reduce the price,These shoes have been marked down by 50%.
mark up,値上げする,to increase the price,Retailers usually mark up products by 20%.
melt down,メルトダウンする、パニックになる,"to fail completely, to lose control of emotions",The toddler melted down in the supermarket.
mess around,ふざける、時間を無駄にする,to behave in a silly way,Stop messing around and do your homework.
mess up,失敗する、汚す,"to make a mistake, to ruin",I completely messed up my presentation.
mix up,混同する,to confuse,I always mix up the twins.
move in,引っ越してくる,to start living in a new place,Our new neighbors are moving in today.
move on,次に進む,to progress to the next stage,It's time to move on and forget the past.
move out,引っ越して出ていく,to leave one's home,She is moving out of her apartment next week.
mull over,熟考する,to think deeply about,I need a few days to mull over your proposal.
nail down,確定させる,to make something certain,We finally nailed down the date for the meeting.
name after,〜にちなんで名付ける,to give someone a name of another person,He was named after his grandfather.
narrow down,絞り込む,to reduce the number of possibilities,We've narrowed down the list of candidates to three.
nod off,居眠りする,to fall asleep briefly,I nodded off during the movie.
note down,書き留める,to write something down quickly,Please note down this telephone number.
opt out,辞退する,to choose not to participate,You can opt out of the newsletter at any time.
pan out,うまくいく,to develop successfully,I hope this new job pans out.
paper over,（問題などを）取り繕う,to hide a problem instead of solving it,They tried to paper over their differences.
pass away,亡くなる,to die (polite),Her grandfather passed away last night.
pass off,偽る、ごまかす,to falsely represent,He tried to pass off the fake watch as a Rolex.
pass out,気絶する、配る,"to faint, to distribute",It was so hot that she passed out.
pass up,（機会を）逃す,to decline an opportunity,I couldn't pass up such a great job offer.
patch up,関係を修復する、応急処置をする,"to fix a relationship, to repair roughly",They patched up their marriage.
pay back,借金を返す、報復する,to return money,I'll pay you back next week.
pay for,代金を払う、報いを受ける,"to give money for, to be punished for",You'll pay for your mistakes.
pay off,完済する、努力が報われる,"to pay a debt in full, to be successful",All her hard work finally paid off.
perk up,元気になる,to become more cheerful or energetic,She perked up when she heard the good news.
peter out,次第に消滅する,to gradually stop or disappear,The storm finally petered out.
phase in,段階的に導入する,to introduce gradually,The new regulations will be phased in next year.
phase out,段階的に廃止する,to remove gradually,They are phasing out the old models.
pick on,いじめる、からかう,to bully or criticize unfairly,Why are you always picking on me?
pick out,選び出す,to choose,She picked out a beautiful dress for the party.
pick up,拾う、車で拾う、習得する,"to lift, to collect someone, to learn",Can you pick me up at the station?
piece together,つなぎ合わせる,to create something by joining parts,The police are piecing together the evidence.
pile up,積み重なる,to accumulate,The laundry is starting to pile up.
pin down,突き止める、押さえつける,"to force someone to be specific, to hold down",It's hard to pin him down to a date.
pipe down,静かにする,"to stop talking, to be quiet",Will you kids please pipe down?
play along,調子を合わせる,to pretend to agree or cooperate,Just play along with my story.
play down,軽視する、控えめに言う,to make something seem less important,The company played down the severity of the data breach.
plough through,かき分けて進む、苦労して読み終える,"to push through, to finish something difficult",I had to plough through 100 emails this morning.
point out,指摘する,"to highlight, to draw attention to",Thank you for pointing out my error.
polish off,平らげる、素早く終わらせる,to finish completely and quickly,He polished off a whole pizza by himself.
pop up,ひょっこり現れる,to appear suddenly,A new window popped up on my screen.
pore over,熟読する、注意深く調べる,to read or study carefully,She pored over the documents for hours.
pull down,取り壊す,to demolish,They pulled down the old cinema.
pull off,（困難なことを）やってのける、車を寄せる,"to succeed, to steer a vehicle to the side","It was a risky plan, but they pulled it off."
pull over,車を道端に止める,to drive to the side of the road and stop,The police asked the driver to pull over.
pull through,（病気や危機を）切り抜ける,to recover from a serious illness,The doctor says she will pull through.
pull up,車を止める,to stop a vehicle,The taxi pulled up outside the hotel.
pump up,空気を入れる、テンションを上げる,"to inflate, to make enthusiastic",We need to pump up the tires. / The music pumped up the crowd.
put across,（考えを）理解させる,to communicate successfully,He is good at putting across his ideas.
put aside,取っておく、蓄える,to save,I put aside a little money every month.
put away,片付ける、お金を貯める,"to store in a proper place, to save money",Put your toys away before dinner.
put back,戻す,to return to its original place,Put the book back on the shelf.
put down,下に置く、けなす、書き留める,"to place on a surface, to criticize, to write",Put down your weapons!
put forward,提案する,to suggest,He put forward a new proposal.
put off,延期する、嫌気を起こさせる,"to postpone, to discourage",Never put off until tomorrow what you can do today.
put on,着る、身につける、（体重が）増える,"to dress, to gain weight","Put on your coat, it's cold outside."
put out,（火を）消す、怒らせる,"to extinguish, to annoy",The firefighters put out the fire.
put through,電話をつなぐ,to connect by phone,Could you put me through to the manager?
put together,組み立てる、まとめる,to assemble,It took hours to put the furniture together.
put up,掲示する、泊める、建てる,"to display, to provide accommodation, to build",They put up a new fence.
put up with,我慢する,to tolerate,I can't put up with this noise any longer!
rack up,（利益などを）蓄積する、獲得する,"to accumulate points, profits, etc.",They racked up massive debts.
ramble on,だらだらと話す,to talk at length without getting to the point,He rambled on for an hour about his cat.
rat out,密告する,to inform on someone to authorities,He ratted out his accomplices.
rattle off,スラスラと言う,to say a list of things quickly and easily,She rattled off all the presidents' names.
read into,深読みする,to assign too much meaning to something,Don't read too much into his comment.
reel off,スラスラと暗唱する,to say a list quickly,He reeled off a list of excuses.
rip off,ぼったくる,to cheat someone financially,$50 for a coffee? You were ripped off!
roll out,（新製品を）公開する、展開する,to launch a new product,Apple is rolling out a new iPhone next month.
root for,応援する,to support a team or person,I'm rooting for the home team.
rough up,暴行を加える,to attack physically,The gang roughed him up.
round off,締めくくる、四捨五入する,"to finish nicely, to round a number",We rounded off the dinner with an excellent dessert.
round up,寄せ集める、端数を切り上げる,"to gather together, to round a number up",The police rounded up the suspects.
rub off on,（影響が）うつる,to transfer a characteristic through contact,I hope his enthusiasm rubs off on the rest of the team.
rule out,除外する,to eliminate as a possibility,The police have ruled out murder.
run across,偶然見つける,to find by chance,I ran across this article online.
run after,追いかける,to chase,The dog ran after the cat.
run away,逃げる,to escape,The thief ran away when he saw the police.
run down,（車が）ひく、悪口を言う、電池が切れる,"to hit with a car, to criticize, to lose power",My phone battery has run down.
run into,偶然出会う、衝突する,"to meet by chance, to crash",I ran into my former boss yesterday.
run out (of),使い果たす、切らす,to have none left,We've run out of milk.
run over,（車が）ひく、あふれる、超過する,"to drive over, to overflow, to exceed time",He was run over by a bus.
run through,ざっとおさらいする、浪費する,"to review quickly, to spend quickly",Let's run through the script one more time.
rustle up,急いで用意する,to make a meal quickly,I'll see if I can rustle up some sandwiches.
save up,貯金する,to save money,I'm saving up for a new car.
scale back,規模を縮小する,to reduce the size or amount,We had to scale back the project due to budget cuts.
scrape by,ギリギリで生活する,to manage to live on very little money,They are just scraping by on his minimum wage.
scrape together,苦労してかき集める,to gather money or things with difficulty,I scraped together enough money for the ticket.
screw up,大失敗する,to make a major mistake,I really screwed up this time.
see off,見送る,to go to an airport/station to say goodbye,We went to the airport to see him off.
see through,見抜く,to realize the truth about someone/something,I saw through his lies immediately.
sell out,売り切れる,to be sold completely,The concert tickets sold out in minutes.
send for,呼び寄せる,to summon,We had to send for a doctor.
set about,取り掛かる,to start doing something,We need to set about cleaning the house.
set aside,取っておく、退ける,"to reserve, to ignore",Set aside some time for yourself.
set back,遅らせる,to delay,The bad weather set back the construction.
set off,出発する、引き起こす,"to start a journey, to trigger",We set off for the beach early in the morning.
set out,出発する、意図する,"to begin a journey, to intend",He set out to become a famous actor.
set up,設立する、準備する,"to establish, to arrange",They set up a new company.
settle down,落ち着く、定住する,"to become calm, to start living a quiet life",They got married and settled down in the suburbs.
settle for,（不満だが）妥協して受け入れる,to accept something less than desired,"I couldn't afford the car I wanted, so I settled for a used one."
shake off,（風邪や悪影響を）払いのける,to get rid of an illness or negative feeling,I can't seem to shake off this cold.
shake up,刷新する、動揺させる,"to reorganize, to upset",The new CEO is going to shake up the company.
shape up,態度を改める、形になる,"to improve behavior, to develop well",You need to shape up or you'll be fired.
shell out,大金を払う,to spend a lot of money,I had to shell out $500 for the repairs.
show around,案内する,to act as a guide,Let me show you around the office.
show off,見せびらかす,to boast,He's just showing off his new car.
show up,現れる,to arrive,"I waited, but he didn't show up."
shrug off,（批判などを）気にしない,to dismiss as unimportant,He shrugged off the criticism and kept working.
shut down,閉鎖する、電源を切る,"to close completely, to turn off",The factory was shut down last year.
sign off on,（正式に）承認する,to approve officially,The manager needs to sign off on this report.
sign up,登録する、申し込む,to register,I signed up for a yoga class.
simmer down,怒りを静める,to become calm after being angry,Give him a few minutes to simmer down.
sink in,十分に理解される,to be fully understood,It took a while for the bad news to sink in.
sit back,くつろぐ、何もしない,"to relax, to take no action",Just sit back and enjoy the ride.
sit down,座る,to take a seat,Please sit down.
skate over,（問題を）避けて通る,to avoid dealing with a difficulty,He skated over the issue of funding.
skip out on,責任を逃れる、ドタキャンする,"to avoid a responsibility, to leave without paying",He skipped out on paying his half of the rent.
slack off,怠ける,to do less work than usual,Students usually slack off at the end of the semester.
sleep in,朝寝坊する,to sleep longer than usual,I love to sleep in on weekends.
sleep on,一晩考える,to delay making a decision until the next day,Let me sleep on it and I'll tell you tomorrow.
slip up,うっかりミスをする,to make a mistake,"If you slip up again, you're fired."
slow down,速度を落とす,to reduce speed,"Slow down, you're driving too fast!"
smooth over,（問題を）丸く収める,to make a problem seem less serious,The diplomat tried to smooth over the disagreement.
snap at,八つ当たりする、噛み付く,to speak angrily to someone,"Don't snap at me, I'm just trying to help!"
snap out of,（落ち込みなどから）急に立ち直る,to force oneself to stop feeling sad/upset,You need to snap out of your depression.
snap up,先を争って買う,to buy something quickly,The concert tickets were snapped up in minutes.
soak up,吸収する、満喫する,"to absorb, to enjoy an experience fully",We spent the afternoon soaking up the sun.
sort out,整理する、解決する,"to organize, to solve a problem",I need to sort out my closet.
sound out,（人の）意向を打診する,to discover someone's opinions,I'll sound him out about the new job.
speak out,堂々と意見を言う,to state your opinion firmly,She spoke out against the unfair policy.
speak up,大きな声で話す,to speak louder,Could you speak up a little?
spell out,詳しく説明する,to explain in detail,Do I need to spell it out for you?
spill over,あふれ出る、波及する,"to overflow, to spread to other areas",The conflict has spilled over into neighboring countries.
spin off,派生させる,to create a new company/product from an existing one,The university spun off a new tech startup.
spit it out,はっきり言う,to say what you are thinking (used as a command),Hurry up and spit it out!
split up,別れる、分割する,"to end a relationship, to divide",My parents split up when I was young.
sponge off,人にたかって生きる,to take money or hospitality without giving back,He's been sponging off his friends for months.
spring up,突然現れる,to appear suddenly,New coffee shops are springing up everywhere.
spruce up,身なりを整える、綺麗にする,to make someone or something look neater,We spruced up the house before the guests arrived.
square up,清算する、身構える,"to pay a debt, to prepare to fight",Let's square up for dinner. I owe you $20.
squeeze in,無理に予定に組み込む,to find time for someone/something despite being busy,The doctor can squeeze you in at 3 PM.
stack up,比較する、辻褄が合う,"to compare with others, to make sense",How does our product stack up against the competition?
stamp out,根絶する,to eliminate completely,The government aims to stamp out corruption.
stand by,待機する、支持する,"to be ready, to support",I will stand by you no matter what happens.
stand for,〜を表す、象徴する,to represent,What does UFO stand for?
stand in for,代役を務める,to replace someone temporarily,I'm standing in for the manager today.
stand out,目立つ,to be noticeable,Her bright red hair made her stand out.
stand up,立ち上がる、待ちぼうけを食わせる,"to rise to one's feet, to fail to meet",He stood me up on our first date.
stand up for,守る、支持する,to defend,You must stand up for your rights.
stand up to,立ち向かう,to defend oneself against,He finally stood up to the bully.
stash away,隠しておく、貯めておく,to store something in a secret place,He has some money stashed away for emergencies.
stay up,徹夜する、起きている,to remain awake,I stayed up late watching a movie.
step down,辞任する,to resign,The CEO will step down next month.
step up,強化する、進み出る,"to increase, to come forward to take responsibility",We need to step up our marketing efforts.
stick around,その場に残る,to remain in a place,"Stick around, the show is about to start."
stick to,〜に固執する、くっつく,"to adhere to, to continue with",You should stick to your original plan.
stick up for,擁護する,to support or defend,Thanks for sticking up for me.
stock up,買いだめする,to buy a large quantity of something,We need to stock up on supplies for the winter.
straighten out,解決する、更生させる,"to solve a problem, to improve someone's behavior",We need to straighten out this misunderstanding.
strike up,（会話などを）始める,to start a conversation or relationship,He struck up a conversation with the person next to him.
stumble upon,偶然見つける,to find by chance,I stumbled upon an interesting article today.
suck up to,ごまをする,to flatter someone in authority,He is always sucking up to the teacher.
sum up,要約する,to summarize,"To sum up, the project was a success."
swear by,〜に絶大な信頼を寄せる,to believe that something is very effective,My grandmother swears by this herbal remedy.
tack on,付け足す,to add something extra,They tacked on a service charge to the bill.
tail off,徐々に減少する,to gradually decrease,The number of attendees tailed off towards the end.
take aback,驚かせる,to surprise,I was taken aback by his rude behavior.
take after,（親などに）似ている,to resemble,He takes after his father.
take apart,分解する,to dismantle,He took the computer apart to fix it.
take away,持ち帰る、取り上げる,"to remove, to buy food to eat elsewhere","Can I have two burgers to take away, please?"
take back,返品する、撤回する,"to return, to retract",I take back what I said; I was wrong.
take down,書き留める、取り壊す,"to write down, to remove",The reporter took down every word he said.
take in,理解する、だます、サイズを詰める,"to understand, to deceive, to make clothes smaller",It was a lot of information to take in at once.
take off,離陸する、脱ぐ、急激に成功する,"to leave the ground, to remove clothes, to become successful",The plane took off on time.
take on,引き受ける、雇う,"to accept responsibility, to employ",I can't take on any more extra work.
take out,取り出す、連れ出す,"to remove, to take someone on a date",He took her out for dinner.
take over,引き継ぐ、乗っ取る,to assume control,Who will take over the business when he retires?
take up,（趣味などを）始める、時間を取る,"to start a hobby, to occupy time/space",I've decided to take up tennis.
talk down to,見下した態度で話す,to speak to someone as if they are inferior,I hate it when doctors talk down to me.
talk into,説得して〜させる,to persuade someone to do something,He talked me into buying a new car.
talk out of,説得して〜をやめさせる,to persuade someone not to do something,I tried to talk her out of quitting her job.
talk over,話し合う,to discuss,Let's talk it over tomorrow.
tap into,（資源や知識を）活用する,"to make use of a source of energy, knowledge, etc.",We need to tap into the expertise of our older employees.
tear apart,引き裂く、厳しく批判する,"to destroy completely, to criticize harshly",The war tore the country apart.
tear down,取り壊す,to destroy a building,They are tearing down the old hospital.
tear up,細かく引き裂く,to rip into pieces,She tore up his letter.
tee off,ティーオフする、激怒させる,"to start a round of golf, to make someone angry",His rude behavior really teed me off.
tell apart,見分ける,to distinguish between,I can't tell the twins apart.
tell off,叱る,to scold,The teacher told the students off for being noisy.
think ahead,先のことまで考える,to plan for the future,We need to think ahead and prepare for the next quarter.
think over,熟考する,to consider carefully,I need time to think over your offer.
think through,徹底的に考える,to consider carefully before making a decision,Have you really thought this through?
think up,考え出す,"to invent, to devise",We need to think up a good excuse.
throw away,捨てる,to discard,Don't throw away these papers.
throw in,おまけにつける、言葉を差し挟む,"to include extra without charge, to interject","If you buy the car, I'll throw in a set of winter tires."
throw out,捨てる、却下する,"to discard, to reject",The judge threw out the case.
throw up,吐く,to vomit,He drank too much and threw up.
tick off,怒らせる、チェックマークをつける,"to make someone angry, to mark items on a list",It really ticks me off when people are late.
tide over,（困難を）しのぐ,to help someone survive a difficult period,Can you lend me $50 to tide me over until payday?
tie down,縛り付ける、束縛する,to restrict someone's freedom,She doesn't want to be tied down by a relationship yet.
tip off,密告する、ヒントを与える,to give secret information to someone,Someone tipped off the police about the robbery.
tone down,和らげる、抑える,to make something less forceful or offensive,You need to tone down your language.
top off,仕上げる、満タンにする,"to finish something perfectly, to fill to the top",We topped off the meal with chocolate cake.
toss around,（アイデアなどを）あれこれ検討する,to discuss ideas casually,We tossed around a few ideas for the project.
touch on,（話題などに）軽く触れる,to mention briefly,The speaker touched on the issue of climate change.
touch upon,（話題に）軽く触れる,to mention briefly,The speaker touched upon the issue of climate change.
toy with,（考えなどを）漠然と抱く、もてあそぶ,to consider an idea not very seriously,I'm toying with the idea of moving to Canada.
track down,追い詰める、探し出す,to find after a long search,The police finally tracked down the killer.
trade in,下取りに出す,to exchange old goods for new ones,I traded in my old car for a new hybrid.
trip up,つまずく、ミスをする,"to stumble, to make a mistake",The tricky interview question tripped me up.
try on,試着する,to put on clothes to see how they fit,Can I try this coat on?
try out,試してみる,to test,We are trying out a new software system.
tuck away,しまい込む、人里離れた場所にある,"to store something in a safe place, to be hidden",The cabin is tucked away in the forest.
tune out,無視する、耳を貸さない,to stop listening or paying attention,I tend to tune out when he starts talking about politics.
turn around,好転させる、振り向く,"to improve a bad situation, to face the opposite direction",The new CEO turned the company around.
turn away,追い返す,to refuse entry,"The club was full, so they were turning people away."
turn back,引き返す,to return,The weather was so bad we had to turn back.
turn down,断る、音量を下げる,"to reject, to lower volume",They turned down my application.
turn into,〜に変わる,to transform into,The caterpillar turned into a butterfly.
turn off,消す、興味をなくさせる,"to switch off, to cause someone to lose interest",Please turn off the TV.
turn on,つける、興奮させる,"to switch on, to arouse","Turn on the lights, it's dark in here."
turn out,〜という結果になる、判明する,"to end up, to result",It turned out to be a great party.
turn over,ひっくり返す、譲る,"to flip, to transfer",Turn over the page and read the next chapter.
turn up,現れる、音量を上げる,"to appear unexpectedly, to increase volume",He finally turned up two hours late.
use up,使い果たす,to consume completely,We used up all the sugar.
usher in,到来を告げる、導き入れる,to mark the beginning of something new,The invention of the internet ushered in a new era.
vouch for,保証する,to guarantee someone's good character or the quality of something,I can vouch for her honesty.
wait up,寝ずに待つ,to stay awake waiting for someone,"Don't wait up for me, I'll be home late."
wake up,目を覚ます,to stop sleeping,I wake up at 7 AM every day.
walk out on,見捨てる,to abandon,He walked out on his wife and children.
ward off,撃退する、防ぐ,to prevent something dangerous from affecting you,She wore an amulet to ward off evil spirits.
warm up,準備運動をする、温まる,"to prepare for exercise, to become warm",You should always warm up before running.
wash away,洗い流す,to carry away by water,The bridge was washed away by the flood.
wash up,食器を洗う,to wash dishes,Who is going to wash up tonight?
watch out,気をつける,to be careful,Watch out for bears in this forest.
water down,水で薄める、骨抜きにする,"to dilute, to make something less extreme",The proposal was watered down to appease the opposition.
wean off,（悪習などから）徐々に引き離す,to gradually stop someone from doing something,I'm trying to wean myself off coffee.
wear down,疲れさせる、すり減らす,"to exhaust someone, to reduce gradually",The constant stress eventually wore him down.
wear off,（薬効などが）次第に消える,to fade away,The painkiller started to wear off.
wear out,すり減らす、疲れ果てさせる,"to damage through use, to exhaust",These shoes are worn out. / That hike wore me out.
weigh in,意見を述べる、計量する,"to give an opinion, to be weighed before a match",Everyone weighed in with their suggestions.
whip up,手早く作る、感情をかき立てる,"to make food quickly, to excite",I can whip up some pasta for dinner.
wind down,くつろぐ、徐々に終わらせる,"to relax, to gradually bring to an end",I like to wind down with a good book before bed.
wind up,（最終的に）〜になる、怒らせる,"to end up, to annoy","If you keep doing that, you'll wind up in jail."
wipe out,全滅させる,to destroy completely,The disease wiped out the entire village.
work around,うまく避けて通る、対処する,to find a way to overcome a problem,We'll have to work around this issue.
work out,運動する、解決する、うまくいく,"to exercise, to solve, to be successful",I work out at the gym twice a week.
work up,（感情や食欲を）かき立てる,"to develop (an appetite, courage)",I went for a walk to work up an appetite.
wrap up,包む、終わりにする,"to enclose, to finish",Let's wrap up this meeting.
write down,書き留める,to record in writing,Please write down your address here.
write off,見限る、帳消しにする,to accept that something is a failure or loss,The bank wrote off the bad debt.
yield to,屈する、譲る,"to surrender, to give way",You must yield to oncoming traffic.
zero in on,照準を合わせる、的を絞る,to direct all attention towards something,We need to zero in on the root cause of the problem.
zone out,ぼーっとする,to stop paying attention,I totally zoned out during the presentation.
zoom in,拡大する,to focus more closely,Can you zoom in on the picture?
